Model,C-index,IBS,Mean td-AUC
Cox PH,0.7275432400433592,0.0768578578243364,0.8577432829010028
DeepSurv,0.7264509033122069,0.07132226664353712,0.857031791274799
Weibull AFT,0.7262322468481804,0.07751652236309275,0.8564588412278304
Log-Logistic AFT,0.7255242797740743,0.08154147473442552,0.8558441429919648
Cox-Time,0.722178400520389,0.2393362546893916,0.8528117187219983
DeepHit,0.7187344760629787,0.09790837923899227,0.8384841891953914
GBSA,0.7153134020490852,0.07142648463057144,0.8427377473095146
RSF,0.6717464120538807,0.09015732154443128,0.7943078467442467
